{"personality_type":{"0":"ESTJ","1":"ESTP","2":"ESFJ","3":"ESFP","4":"ENTJ","5":"ENTP","6":"ENFJ","7":"ENFP","8":"ISTJ","9":"ISTP","10":"ISFJ","11":"ISFP","12":"INTJ","13":"INTP","14":"INFJ","15":"INFP"},"class":{"0":0.0,"1":0.0256410256,"2":0.0256410256,"3":0.0,"4":0.0512820513,"5":0.0512820513,"6":0.0769230769,"7":0.0769230769,"8":0.1025641026,"9":0.0,"10":0.0,"11":0.0256410256,"12":0.3076923077,"13":0.1025641026,"14":0.1538461538,"15":0.0},"usa":{"0":0.038,"1":0.0232,"2":0.0831,"3":0.0479,"4":0.0257,"5":0.0469,"6":0.071,"7":0.1347,"8":0.0356,"9":0.0225,"10":0.0758,"11":0.0515,"12":0.0326,"13":0.0573,"14":0.0755,"15":0.1507},"chi2":{"0":0.038,"1":0.0002568365,"2":0.0397296478,"3":0.0479,"4":0.0254646439,"5":0.0004094323,"6":0.0004941245,"7":0.024782278,"8":0.1259604223,"9":0.0225,"10":0.0758,"11":0.0129842049,"12":2.3213428758,"13":0.0357563522,"14":0.0812996003,"15":0.1507}}